118364,๎๋๋์๚ เ์เแ๘ไ้๎้้ไ ้๑ๅใ้
338343,ใเ๘ เ์เๅ์เใ
746313,๒ไใๅ๐เ
239905,โ๘ๅๆ์ํ ๑๗ๅ์ ้๑ๅใ้
186809,เ์็้ไ ๋๔๘ ๒๗แ
430355,เ์๒ๆเๆ้ไ ้๑ๅใ้
430363,โ้์ เ์๎ๅ๑๚๗แ์
440685,เโ'้เ์ เ์๗ๅใ๑
477257,เ์๎๒เ์้ ๎๒ๅ๘แ
511808,๎้ใ์ เ้๑่
674564,๒ไใๅ๐เ
746529,เ์๔เ๘ๅ๗ เ์๚๒์้๎้ไ
747345,"แ้""๑ เ์๎ๅ๑๚๗แ์"
757583,๑๎้๘เ ๎้๑
148171,่๘ไ ๑๐่ไ ้๑ๅใ้
238493,เ์เ้๎เ๏ ้๑ๅใ้ ์แ๐้ํ เ'
238501,เ์เ้๎เ๏ ้๑ๅใ้ ์แ๐ๅ๚
338533,๙ใเ เ์ๅๅ๘ใ
430439,๘ๅเเ ้๑ๅใ้ ๎๒ๅ๘แ
758227,เ์เ้๎เ๏ ้๑ๅใ้ แ๐้ํ แ'
238519,เ์เ้๎เ๏ ๚้๋ๅ๏ ์แ๐้ํ
754721,ใเ๘ เ์็๋๎ไ ๎๒ๅ๘แ
184010,เ์๔๘้๘ ้๑ๅใ้ แ้๚ ็๐้๐ไ
338434,แ๘้ใโ' เ้๐๚๘๐เ๙้ๅ๐์
239897,โ๘ๅๆ์ํ ๑๗ๅ์ ๚้๋ๅ๏
412676,ใเ๘ เ์็๋๎ไ
718924,ๆๅ เ์๐ๅ๘้้๏
756692,๘ๅเไ ๚๋ๅ๏
440412,เ์๘เๆ้ ๚้๋ๅ๏
440693,เ์๘เๆ้ ้๑ๅใ้
725309,เ์๒์๎้ไ เ์๐๎ๅใโ้ไ
522441,๎ใเ๘๑ ๅ๘้เใ เ์๔๗้้ไ
178137,เ์ เ๎้๘ไ แ๑๎ไ
144238,๎๋์์๚ เแ๘ไ้๎้ไ
796573,เ์๔ๅ๘๗เ๏ ๚้๋ๅ๏ แ๐ๅ๚
796490,เ์๔ๅ๘๗เ๏ ๚้๋ๅ๏ แ๐้ํ
378125,เ์้๚้ํ เ์๒๘แ้
759712,ใเ๘ เ์่๔์
368084,"แ้""๑ ๒""้ เ์เ๑๔๐้ๅ์"
247411,๑๐่ ่๘๗๎๐๖๕
238485,เ์เ้๎เ๏ ๒์ ้๑ๅใ้
117010,แ้๚ ๑๔๘ ๔๘้๘ ๚้๋ๅ๏
117002,เ์๎ๅ่๘เ๏
148189,่๘ไ ๑๐่ไ ๒์ ้๑ๅใ้
187575,๙๎้ใ่
343970,๎๘ ๎่๘้
460477,เ์๒ๆ้ๆ้ไ ๚้๋ๅ๏ แ๐ๅ๚
460550,เโ้เ์ เ์๗ๅใ๑
746735,เ์ ๎่เ๘
747402,ใๅ็๚ เ์เแใเ๒
757609,๚้๋ๅ๏ ๑๎้๘เ ๎้๑
676619,๘ๅเใ ไ่๋๐ๅ์ๅโ้
178194,ไ๒์ ้๑ๅใ้ เ์็้เ ๋๔๘ ๒๗แ
674481,ใเ๘ เ์๑์เํ ๚้๋ๅ๏
342394,โ้์ เ์๎ๅ๑๚๗แ์ ๒์ ้๑ๅใ้
